The Police - Roxanne.webm, 1:02
Flying Lotus - Massage Situation.m4a, 1:14
Sublime - What I Got.webm, 1:19
Third Eye Blind - Semi-Charmed Life (HQ) [Official].webm, 0:50
The Kooks - Seaside.webm, 0:07
Young Thug - Hercules (Prod. by Metro Boomin).webm, 0:51
Leon Bridges - Coming Home.webm, 0:54
Bob Marley - Satisfy My Soul.webm, 1:30
J. Balvin - 6 AM ft. Farruko.webm, 1:10
Snakehips - All My Friends ft. Tinashe Chance The Rapper.webm, 1:00
Daft Punk - Get Lucky.webm, 1:00
Grateful Dead - Touch of Grey.mp3, 0:40
Paradise Lunch - Guns and Roses.mp3, 0:00
balle.mp3, 1:10
Case Closed - Conan Main Theme.mp3, 0:00
Harry Potter Hedwig Theme.m4a, 0:10
Bowling for Soup - Today is Gonna be a Great Day (Theme Song).mp3, 0:00
Tae Jin-Ah - Aunt.webm, 2:21
George Harrison - Here comes the sun.m4a, 0:39
Bach - Art of Fugue String Quartet - Contrapunctus II.flac, 1:20
